{"name":"7e7773a0-9b43-41b9-aec7-5be24165fc13","id":"/providers/Microsoft.Flow/flows/7e7773a0-9b43-41b9-aec7-5be24165fc13","type":"Microsoft.Flow/flows","properties":{"apiId":"/providers/Microsoft.PowerApps/apis/shared_logicflows","displayName":"Send Notifications when item is approved","definition":{"metadata":{"workflowEntityId":null,"processAdvisorMetadata":null,"flowChargedByPaygo":null,"flowclientsuspensionreason":"None","flowclientsuspensiontime":null,"flowclientsuspensionreasondetails":null,"creator":{"id":"429743d9-ec86-485d-9695-2715f4bf5266","type":"User","tenantId":"9a0c7552-3833-46c4-bbac-8bc7f960ee52"},"provisioningMethod":"FromDefinition","failureAlertSubscription":true,"clientLastModifiedTime":"2023-06-16T08:22:33.2088227Z"},"$schema":"https://schema.management.azure.com/providers/Microsoft.Logic/schemas/2016-06-01/workflowdefinition.json#","contentVersion":"1.0.0.0","parameters":{"$connections":{"defaultValue":{},"type":"Object"},"$authentication":{"defaultValue":{},"type":"SecureObject"}},"triggers":{"When_an_item_or_a_file_is_modified":{"recurrence":{"frequency":"Minute","interval":5},"splitOn":"@triggerOutputs()?['body/value']","metadata":{"operationMetadataId":"359c2a20-97d9-4675-8495-a41641a39065"},"type":"OpenApiConnection","inputs":{"host":{"apiId":"/providers/Microsoft.PowerApps/apis/shared_sharepointonline","connectionName":"shared_sharepointonline","operationId":"GetOnChangedItems"},"parameters":{"dataset":"https://acuvatehyd.sharepoint.com/teams/BDBestPracticePortal","table":"4c1d11bb-8c3e-4a88-b5b0-e3971a6f158d"},"authentication":"@parameters('$authentication')"}}},"actions":{"Condition":{"actions":{"Compose":{"runAfter":{},"metadata":{"operationMetadataId":"c185756c-6d5a-4d70-bea7-4b6fb94f99fa"},"type":"Compose","inputs":"@triggerOutputs()?['body']"},"Switch":{"runAfter":{"Compose":["Succeeded"]},"cases":{"Case":{"case":"All Sites","actions":{"Get_items":{"runAfter":{},"type":"OpenApiConnection","inputs":{"host":{"apiId":"/providers/Microsoft.PowerApps/apis/shared_sharepointonline","connectionName":"shared_sharepointonline","operationId":"GetItems"},"parameters":{"dataset":"https://acuvatehyd.sharepoint.com/teams/BDBestPracticePortal","table":"b8c2a282-fc83-4ca7-972b-2bd24b77c7f7"},"authentication":"@parameters('$authentication')"}},"Compose_2":{"runAfter":{"Get_items":["Succeeded"]},"type":"Compose","inputs":"@outputs('Get_items')?['body/value']"},"Parse_JSON":{"runAfter":{"Compose_2":["Succeeded"]},"type":"ParseJson","inputs":{"content":"@outputs('Compose_2')","schema":{"type":"array","items":{"type":"object","properties":{"@@odata.etag":{"type":"string"},"ItemInternalId":{"type":"string"},"ID":{"type":"integer"},"Title":{"type":"string"},"OpExLeaders":{"type":"object","properties":{"@@odata.type":{"type":"string"},"Claims":{"type":"string"},"DisplayName":{"type":"string"},"Email":{"type":"string"},"Picture":{"type":"string"},"Department":{},"JobTitle":{}}},"OpExLeaders#Claims":{"type":"string"},"PlantManagers":{"type":"object","properties":{"@@odata.type":{"type":"string"},"Claims":{"type":"string"},"DisplayName":{"type":"string"},"Email":{"type":"string"},"Picture":{"type":"string"},"Department":{},"JobTitle":{}}},"PlantManagers#Claims":{"type":"string"},"Modified":{"type":"string"}},"required":["@@odata.etag","ItemInternalId","ID","Title"]}}}},"opexmanager":{"runAfter":{"Parse_JSON":["Succeeded"]},"type":"Select","inputs":{"from":"@body('Parse_JSON')","select":{"opexmanager":"@item()?['OpExLeaders']?['Email']"}}},"Set_variable":{"runAfter":{"opexmanager":["Succeeded"]},"type":"SetVariable","inputs":{"name":"OpexManagers","value":"@union(body('opexmanager'),body('opexmanager'))"}},"Parse_JSON_2":{"runAfter":{"Compose_5":["Succeeded"]},"type":"ParseJson","inputs":{"content":"@outputs('Compose_5')","schema":{"type":"array","items":{"type":"object","properties":{"opexmanager":{}}}}}},"Compose_5":{"runAfter":{"Set_variable":["Succeeded"]},"type":"Compose","inputs":"@variables('OpexManagers')"},"Filter_array":{"runAfter":{"Parse_JSON_2":["Succeeded"]},"type":"Query","inputs":{"from":"@body('Parse_JSON_2')","where":"@not(equals(item()?['opexmanager'], null))"}},"Select":{"runAfter":{"Compose_8":["Succeeded"]},"type":"Select","inputs":{"from":"@body('Parse_JSON')","select":{"plantmanager":"@item()?['PlantManagers']?['Email']"}}},"Set_variable_2":{"runAfter":{"Select":["Succeeded"]},"type":"SetVariable","inputs":{"name":"plantmanagers","value":"@union(body('Select'),body('Select'))"}},"Compose_3":{"runAfter":{"Set_variable_2":["Succeeded"]},"type":"Compose","inputs":"@variables('plantmanagers')"},"Parse_JSON_3":{"runAfter":{"Compose_3":["Succeeded"]},"type":"ParseJson","inputs":{"content":"@outputs('Compose_3')","schema":{"type":"array","items":{"type":"object","properties":{"plantmanager":{}}}}}},"Filter_array_2":{"runAfter":{"Parse_JSON_3":["Succeeded"]},"type":"Query","inputs":{"from":"@body('Parse_JSON_3')","where":"@not(equals(item()?['plantmanager'], null))"}},"Apply_to_each_2":{"foreach":"@body('Filter_array_2')","actions":{"Compose_6":{"runAfter":{},"type":"Compose","inputs":"@items('Apply_to_each_2')?['plantmanager']"},"Set_variable_4":{"runAfter":{"Compose_6":["Succeeded"]},"type":"SetVariable","inputs":{"name":"allplantmanager","value":"@{concat(outputs('Compose_6'),';')}"}}},"runAfter":{"Filter_array_2":["Succeeded"]},"type":"Foreach"},"Compose_7":{"runAfter":{"Apply_to_each_2":["Succeeded"]},"type":"Compose","inputs":"@concat(outputs('Compose_8'),';',variables('allplantmanager'))"},"Set_variable_5":{"runAfter":{"Filter_array":["Succeeded"]},"type":"SetVariable","inputs":{"name":"opexallsets","value":"@{replace(replace(string(body('Filter_array')), '[', ''), ']', '')}"}},"Compose_4":{"runAfter":{"Set_variable_5":["Succeeded"]},"type":"Compose","inputs":"@replace(replace(string(variables('opexallsets')), '{\"opexmanager\":\"', ''), '\"}', '')"},"Compose_8":{"runAfter":{"Compose_4":["Succeeded"]},"type":"Compose","inputs":"@replace(string(outputs('Compose_4')), ',', ';')"},"Send_an_email_(V2)_3":{"runAfter":{"Compose_20":["Succeeded"]},"type":"OpenApiConnection","inputs":{"host":{"apiId":"/providers/Microsoft.PowerApps/apis/shared_office365","connectionName":"shared_office365","operationId":"SendEmailV2"},"parameters":{"emailMessage/To":"@outputs('Compose_7')","emailMessage/Subject":"Mandatory replication","emailMessage/Body":"<p>Dear OpEx Leader / Plant Managers,<br>\n<br>\n We would like to inform you that your site has been selected for replicating the following Best Practice. Please feel free to get in touch with your Segment/BU OpEx leader for more details.<br>\n</p>","emailMessage/Cc":"@{outputs('PillarApprover')};@{outputs('Compose_20')}","emailMessage/Importance":"Normal"},"authentication":"@parameters('$authentication')"}},"Send_an_HTTP_request_to_SharePoint":{"runAfter":{"Compose_7":["Succeeded"]},"type":"OpenApiConnection","inputs":{"host":{"apiId":"/providers/Microsoft.PowerApps/apis/shared_sharepointonline","connectionName":"shared_sharepointonline","operationId":"HttpRequest"},"parameters":{"dataset":"https://acuvatehyd.sharepoint.com/teams/BDBestPracticePortal","parameters/method":"GET","parameters/uri":"/_api/web/sitegroups"},"authentication":"@parameters('$authentication')"}},"Filter_array_3":{"runAfter":{"Compose_18":["Succeeded"]},"type":"Query","inputs":{"from":"@body('Send_an_HTTP_request_to_SharePoint')?['d']?['results']","where":"@equals(item()?['Title'], triggerOutputs()?['body/PillarApprover0/DisplayName'])"}},"Compose_17":{"runAfter":{"Filter_array_3":["Succeeded"]},"type":"Compose","inputs":"@body('Filter_array_3')?[0]['Id']"},"Compose_18":{"runAfter":{"Send_an_HTTP_request_to_SharePoint":["Succeeded"]},"type":"Compose","inputs":"@body('Send_an_HTTP_request_to_SharePoint')?['d']?['results']"},"Send_an_HTTP_request_to_SharePoint_2":{"runAfter":{"Compose_17":["Succeeded"]},"type":"OpenApiConnection","inputs":{"host":{"apiId":"/providers/Microsoft.PowerApps/apis/shared_sharepointonline","connectionName":"shared_sharepointonline","operationId":"HttpRequest"},"parameters":{"dataset":"https://acuvatehyd.sharepoint.com/teams/BDBestPracticePortal","parameters/method":"GET","parameters/uri":"/_api/web/sitegroups(@{outputs('Compose_17')})/users"},"authentication":"@parameters('$authentication')"}},"Select_2":{"runAfter":{"Send_an_HTTP_request_to_SharePoint_2":["Succeeded"]},"type":"Select","inputs":{"from":"@outputs('Send_an_HTTP_request_to_SharePoint_2')?['body']?['d']?['results']","select":"@item()?['Email']"}},"PillarApprover":{"runAfter":{"Select_2":["Succeeded"]},"type":"Compose","inputs":"@ join(body('Select_2'),';')"},"Filter_array_4":{"runAfter":{"PillarApprover":["Succeeded"]},"type":"Query","inputs":{"from":"@body('Send_an_HTTP_request_to_SharePoint')?['d']?['results']","where":"@equals(item()?['Title'], triggerOutputs()?['body/L2ApproverDC/DisplayName'])"}},"Compose_19":{"runAfter":{"Filter_array_4":["Succeeded"]},"type":"Compose","inputs":"@body('Filter_array_4')?[0]['Id']"},"Send_an_HTTP_request_to_SharePoint_3":{"runAfter":{"Compose_19":["Succeeded"]},"type":"OpenApiConnection","inputs":{"host":{"apiId":"/providers/Microsoft.PowerApps/apis/shared_sharepointonline","connectionName":"shared_sharepointonline","operationId":"HttpRequest"},"parameters":{"dataset":"https://acuvatehyd.sharepoint.com/teams/BDBestPracticePortal","parameters/method":"GET","parameters/uri":"/_api/web/sitegroups(@{outputs('Compose_19')})/users"},"authentication":"@parameters('$authentication')"}},"Select_3":{"runAfter":{"Send_an_HTTP_request_to_SharePoint_3":["Succeeded"]},"type":"Select","inputs":{"from":"@outputs('Send_an_HTTP_request_to_SharePoint_3')?['body']?['d']?['results']","select":"@item()?['Email']"}},"Compose_20":{"runAfter":{"Select_3":["Succeeded"]},"type":"Compose","inputs":"@join(body('Select_3'),';')"}}},"Case_2":{"case":"BU Specific","actions":{"Compose_9":{"runAfter":{},"type":"Compose","inputs":"@split(triggerOutputs()?['body/SiteDetails'],'~')"},"Apply_to_each":{"foreach":"@outputs('Compose_9')","actions":{"Get_items_3":{"runAfter":{},"type":"OpenApiConnection","inputs":{"host":{"apiId":"/providers/Microsoft.PowerApps/apis/shared_sharepointonline","connectionName":"shared_sharepointonline","operationId":"GetItems"},"parameters":{"dataset":"https://acuvatehyd.sharepoint.com/teams/BDBestPracticePortal","table":"b8c2a282-fc83-4ca7-972b-2bd24b77c7f7","$filter":"BU/Title  eq '@{items('Apply_to_each')}'"},"authentication":"@parameters('$authentication')"}},"Compose_11":{"runAfter":{"Get_items_3":["Succeeded"]},"type":"Compose","inputs":"@outputs('Get_items_3')?['body/value']"},"Parse_JSON_4":{"runAfter":{"Compose_11":["Succeeded"]},"type":"ParseJson","inputs":{"content":"@outputs('Compose_11')","schema":{"type":"array","items":{"type":"object","properties":{"@@odata.etag":{"type":"string"},"ItemInternalId":{"type":"string"},"ID":{"type":"integer"},"Title":{"type":"string"},"Countries0":{"type":"object","properties":{"@@odata.type":{"type":"string"},"Id":{"type":"integer"},"Value":{"type":"string"}}},"Countries0#Id":{"type":"integer"},"FSStatus0":{"type":"object","properties":{"@@odata.type":{"type":"string"},"Id":{"type":"integer"},"Value":{"type":"string"}}},"FSStatus0#Id":{"type":"integer"},"IsActive1":{"type":"boolean"},"Segment":{"type":"object","properties":{"@@odata.type":{"type":"string"},"Id":{"type":"integer"},"Value":{"type":"string"}}},"Segment#Id":{"type":"integer"},"BU":{"type":"object","properties":{"@@odata.type":{"type":"string"},"Id":{"type":"integer"},"Value":{"type":"string"}}},"BU#Id":{"type":"integer"},"Created":{"type":"string"},"OpExLeaders":{"type":"object","properties":{"@@odata.type":{"type":"string"},"Claims":{"type":"string"},"DisplayName":{"type":"string"},"Email":{"type":"string"},"Picture":{"type":"string"},"Department":{},"JobTitle":{}}},"OpExLeaders#Claims":{"type":"string"},"PlantManagers":{"type":"object","properties":{"@@odata.type":{"type":"string"},"Claims":{"type":"string"},"DisplayName":{"type":"string"},"Email":{"type":"string"},"Picture":{"type":"string"},"Department":{},"JobTitle":{}}},"PlantManagers#Claims":{"type":"string"},"Modified":{"type":"string"},"Author":{"type":"object","properties":{"@@odata.type":{"type":"string"},"Claims":{"type":"string"},"DisplayName":{"type":"string"},"Email":{"type":"string"},"Picture":{"type":"string"},"Department":{},"JobTitle":{}}},"Author#Claims":{"type":"string"},"Editor":{"type":"object","properties":{"@@odata.type":{"type":"string"},"Claims":{"type":"string"},"DisplayName":{"type":"string"},"Email":{"type":"string"},"Picture":{"type":"string"},"Department":{},"JobTitle":{}}},"Editor#Claims":{"type":"string"},"{Identifier}":{"type":"string"},"{IsFolder}":{"type":"boolean"},"{Thumbnail}":{"type":"object","properties":{"Large":{},"Medium":{},"Small":{}}},"{Link}":{"type":"string"},"{Name}":{"type":"string"},"{FilenameWithExtension}":{"type":"string"},"{Path}":{"type":"string"},"{FullPath}":{"type":"string"},"{ContentType}":{"type":"object","properties":{"@@odata.type":{"type":"string"},"Id":{"type":"string"},"Name":{"type":"string"}}},"{ContentType}#Id":{"type":"string"},"{HasAttachments}":{"type":"boolean"},"{VersionNumber}":{"type":"string"}},"required":["@@odata.etag","ItemInternalId","ID","Title","Countries0","Countries0#Id","FSStatus0","FSStatus0#Id","IsActive1","Segment","Segment#Id","BU","BU#Id","Created","Modified","Author","Author#Claims","Editor","Editor#Claims","{Identifier}","{IsFolder}","{Thumbnail}","{Link}","{Name}","{FilenameWithExtension}","{Path}","{FullPath}","{ContentType}","{ContentType}#Id","{HasAttachments}","{VersionNumber}"]}}}},"Apply_to_each_3":{"foreach":"@body('Parse_JSON_4')","actions":{"Condition_2":{"actions":{"Append_to_array_variable":{"runAfter":{},"type":"AppendToArrayVariable","inputs":{"name":"BUopexleader","value":"@items('Apply_to_each_3')?['OpExLeaders']?['Email']"}}},"runAfter":{},"expression":{"not":{"equals":["@items('Apply_to_each_3')?['OpExLeaders']?['Email']","@null"]}},"type":"If"}},"runAfter":{"Parse_JSON_4":["Succeeded"]},"type":"Foreach"},"Apply_to_each_4":{"foreach":"@body('Parse_JSON_4')","actions":{"Condition_3":{"actions":{"Append_to_array_variable_2":{"runAfter":{},"type":"AppendToArrayVariable","inputs":{"name":"PlantManagerBU","value":"@items('Apply_to_each_4')?['PlantManagers']?['Email']"}}},"runAfter":{},"expression":{"not":{"equals":["@items('Apply_to_each_4')?['PlantManagers']?['Email']","@null"]}},"type":"If"}},"runAfter":{"Parse_JSON_4":["Succeeded"]},"type":"Foreach"}},"runAfter":{"Compose_9":["Succeeded"]},"type":"Foreach"},"Compose_12":{"runAfter":{"Apply_to_each":["Succeeded","Failed","Skipped"]},"type":"Compose","inputs":"@union(variables('BUopexleader'),variables('BUopexleader'))"},"Compose_13":{"runAfter":{"Compose_12":["Succeeded"]},"type":"Compose","inputs":"@union(variables('PlantManagerBU'),variables('PlantManagerBU'))"},"Join":{"runAfter":{"Compose_13":["Succeeded"]},"type":"Join","inputs":{"from":"@outputs('Compose_12')","joinWith":";"}},"Join_2":{"runAfter":{"Join":["Succeeded"]},"type":"Join","inputs":{"from":"@outputs('Compose_13')","joinWith":";"}},"Send_an_email_(V2)":{"runAfter":{"Compose_25":["Succeeded"]},"type":"OpenApiConnection","inputs":{"host":{"apiId":"/providers/Microsoft.PowerApps/apis/shared_office365","connectionName":"shared_office365","operationId":"SendEmailV2"},"parameters":{"emailMessage/To":"@concat(body('Join'),';',body('Join_2'))","emailMessage/Subject":"Mandatory replication","emailMessage/Body":"<p>Dear OpEx Leader / Plant Managers,<br>\n<br>\n We would like to inform you that your site has been selected for replicating the following Best Practice. Please feel free to get in touch with your Segment/BU OpEx leader for more details.<br>\n&nbsp;</p>","emailMessage/Cc":"@{outputs('Compose_23')};@{outputs('Compose_25')}","emailMessage/Importance":"Normal"},"authentication":"@parameters('$authentication')"}},"Send_an_HTTP_request_to_SharePoint_4":{"runAfter":{"Join_2":["Succeeded"]},"type":"OpenApiConnection","inputs":{"host":{"apiId":"/providers/Microsoft.PowerApps/apis/shared_sharepointonline","connectionName":"shared_sharepointonline","operationId":"HttpRequest"},"parameters":{"dataset":"https://acuvatehyd.sharepoint.com/teams/BDBestPracticePortal","parameters/method":"GET","parameters/uri":"/_api/web/sitegroups"},"authentication":"@parameters('$authentication')"}},"Compose_21":{"runAfter":{"Send_an_HTTP_request_to_SharePoint_4":["Succeeded"]},"type":"Compose","inputs":"@body('Send_an_HTTP_request_to_SharePoint_4')?['d']?['results']"},"Filter_array_5":{"runAfter":{"Compose_21":["Succeeded"]},"type":"Query","inputs":{"from":"@body('Send_an_HTTP_request_to_SharePoint_4')?['d']?['results']","where":"@equals(item()?['Title'], triggerOutputs()?['body/PillarApprover0/DisplayName'])"}},"Compose_22":{"runAfter":{"Filter_array_5":["Succeeded"]},"type":"Compose","inputs":"@body('Filter_array_5')?[0]['Id']"},"Send_an_HTTP_request_to_SharePoint_5":{"runAfter":{"Compose_22":["Succeeded"]},"type":"OpenApiConnection","inputs":{"host":{"apiId":"/providers/Microsoft.PowerApps/apis/shared_sharepointonline","connectionName":"shared_sharepointonline","operationId":"HttpRequest"},"parameters":{"dataset":"https://acuvatehyd.sharepoint.com/teams/BDBestPracticePortal","parameters/method":"GET","parameters/uri":"/_api/web/sitegroups(@{outputs('Compose_22')})/users"},"authentication":"@parameters('$authentication')"}},"Select_4":{"runAfter":{"Send_an_HTTP_request_to_SharePoint_5":["Succeeded"]},"type":"Select","inputs":{"from":"@outputs('Send_an_HTTP_request_to_SharePoint_5')?['body']?['d']?['results']","select":"@item()?['Email']"}},"Compose_23":{"runAfter":{"Select_4":["Succeeded"]},"type":"Compose","inputs":"@join(body('Select_4'),';')"},"Filter_array_6":{"runAfter":{"Compose_23":["Succeeded"]},"type":"Query","inputs":{"from":"@body('Send_an_HTTP_request_to_SharePoint_4')?['d']?['results']","where":"@equals(item()?['Title'], triggerOutputs()?['body/L2ApproverDC/DisplayName'])"}},"Compose_24":{"runAfter":{"Filter_array_6":["Succeeded"]},"type":"Compose","inputs":"@body('Filter_array_6')?[0]['Id']"},"Send_an_HTTP_request_to_SharePoint_6":{"runAfter":{"Compose_24":["Succeeded"]},"type":"OpenApiConnection","inputs":{"host":{"apiId":"/providers/Microsoft.PowerApps/apis/shared_sharepointonline","connectionName":"shared_sharepointonline","operationId":"HttpRequest"},"parameters":{"dataset":"https://acuvatehyd.sharepoint.com/teams/BDBestPracticePortal","parameters/method":"GET","parameters/uri":"/_api/web/sitegroups(@{outputs('Compose_24')})/users"},"authentication":"@parameters('$authentication')"}},"Select_5":{"runAfter":{"Send_an_HTTP_request_to_SharePoint_6":["Succeeded"]},"type":"Select","inputs":{"from":"@outputs('Send_an_HTTP_request_to_SharePoint_6')?['body']?['d']?['results']","select":"@item()?['Email']"}},"Compose_25":{"runAfter":{"Select_5":["Succeeded"]},"type":"Compose","inputs":"@join(body('Select_5'),';')"}}},"Case_3":{"case":"Factory Specific","actions":{"Compose_10":{"runAfter":{},"type":"Compose","inputs":"@split(triggerOutputs()?['body/SiteDetails'],'~')"},"Apply_to_each_5":{"foreach":"@outputs('Compose_10')","actions":{"Get_items_2":{"runAfter":{},"type":"OpenApiConnection","inputs":{"host":{"apiId":"/providers/Microsoft.PowerApps/apis/shared_sharepointonline","connectionName":"shared_sharepointonline","operationId":"GetItems"},"parameters":{"dataset":"https://acuvatehyd.sharepoint.com/teams/BDBestPracticePortal","table":"b8c2a282-fc83-4ca7-972b-2bd24b77c7f7","$filter":"Title eq '@{items('Apply_to_each_5')}'"},"authentication":"@parameters('$authentication')"}},"Compose_14":{"runAfter":{"Get_items_2":["Succeeded"]},"type":"Compose","inputs":"@outputs('Get_items_2')?['body/value']"},"Parse_JSON_5":{"runAfter":{"Compose_14":["Succeeded"]},"type":"ParseJson","inputs":{"content":"@outputs('Compose_14')","schema":{"type":"array","items":{"type":"object","properties":{"@@odata.etag":{"type":"string"},"ItemInternalId":{"type":"string"},"ID":{"type":"integer"},"Title":{"type":"string"},"Countries0":{"type":"object","properties":{"@@odata.type":{"type":"string"},"Id":{"type":"integer"},"Value":{"type":"string"}}},"Countries0#Id":{"type":"integer"},"FSStatus0":{"type":"object","properties":{"@@odata.type":{"type":"string"},"Id":{"type":"integer"},"Value":{"type":"string"}}},"FSStatus0#Id":{"type":"integer"},"IsActive1":{"type":"boolean"},"Segment":{"type":"object","properties":{"@@odata.type":{"type":"string"},"Id":{"type":"integer"},"Value":{"type":"string"}}},"Segment#Id":{"type":"integer"},"BU":{"type":"object","properties":{"@@odata.type":{"type":"string"},"Id":{"type":"integer"},"Value":{"type":"string"}}},"BU#Id":{"type":"integer"},"Created":{"type":"string"},"OpExLeaders":{"type":"object","properties":{"@@odata.type":{"type":"string"},"Claims":{"type":"string"},"DisplayName":{"type":"string"},"Email":{"type":"string"},"Picture":{"type":"string"},"Department":{},"JobTitle":{}}},"OpExLeaders#Claims":{"type":"string"},"PlantManagers":{"type":"object","properties":{"@@odata.type":{"type":"string"},"Claims":{"type":"string"},"DisplayName":{"type":"string"},"Email":{"type":"string"},"Picture":{"type":"string"},"Department":{},"JobTitle":{}}},"PlantManagers#Claims":{"type":"string"},"Modified":{"type":"string"},"Author":{"type":"object","properties":{"@@odata.type":{"type":"string"},"Claims":{"type":"string"},"DisplayName":{"type":"string"},"Email":{"type":"string"},"Picture":{"type":"string"},"Department":{},"JobTitle":{}}},"Author#Claims":{"type":"string"},"Editor":{"type":"object","properties":{"@@odata.type":{"type":"string"},"Claims":{"type":"string"},"DisplayName":{"type":"string"},"Email":{"type":"string"},"Picture":{"type":"string"},"Department":{},"JobTitle":{}}},"Editor#Claims":{"type":"string"},"{Identifier}":{"type":"string"},"{IsFolder}":{"type":"boolean"},"{Thumbnail}":{"type":"object","properties":{"Large":{},"Medium":{},"Small":{}}},"{Link}":{"type":"string"},"{Name}":{"type":"string"},"{FilenameWithExtension}":{"type":"string"},"{Path}":{"type":"string"},"{FullPath}":{"type":"string"},"{ContentType}":{"type":"object","properties":{"@@odata.type":{"type":"string"},"Id":{"type":"string"},"Name":{"type":"string"}}},"{ContentType}#Id":{"type":"string"},"{HasAttachments}":{"type":"boolean"},"{VersionNumber}":{"type":"string"}},"required":["@@odata.etag","ItemInternalId","ID","Title","Countries0","Countries0#Id","FSStatus0","FSStatus0#Id","IsActive1","Segment","Segment#Id","BU","BU#Id","Created","Modified","Author","Author#Claims","Editor","Editor#Claims","{Identifier}","{IsFolder}","{Thumbnail}","{Link}","{Name}","{FilenameWithExtension}","{Path}","{FullPath}","{ContentType}","{ContentType}#Id","{HasAttachments}","{VersionNumber}"]}}}},"Apply_to_each_6":{"foreach":"@body('Parse_JSON_5')","actions":{"Condition_4":{"actions":{"Append_to_array_variable_3":{"runAfter":{},"type":"AppendToArrayVariable","inputs":{"name":"FactoryOPexLeaders","value":"@items('Apply_to_each_6')?['OpExLeaders']?['Email']"}}},"runAfter":{},"expression":{"not":{"equals":["@items('Apply_to_each_6')?['OpExLeaders']?['Email']","@null"]}},"type":"If"}},"runAfter":{"Parse_JSON_5":["Succeeded"]},"type":"Foreach"},"Apply_to_each_7":{"foreach":"@body('Parse_JSON_5')","actions":{"Condition_5":{"actions":{"Append_to_array_variable_4":{"runAfter":{},"type":"AppendToArrayVariable","inputs":{"name":"FactoryPlantManager","value":"@items('Apply_to_each_7')?['PlantManagers']?['Email']"}}},"runAfter":{},"expression":{"not":{"equals":["@items('Apply_to_each_7')?['PlantManagers']?['Email']","@null"]}},"type":"If"}},"runAfter":{"Parse_JSON_5":["Succeeded"]},"type":"Foreach"}},"runAfter":{"Compose_10":["Succeeded"]},"type":"Foreach"},"Compose_15":{"runAfter":{"Apply_to_each_5":["Succeeded"]},"type":"Compose","inputs":"@union(variables('FactoryOPexLeaders'),variables('FactoryOPexLeaders'))"},"Compose_16":{"runAfter":{"Compose_15":["Succeeded"]},"type":"Compose","inputs":"@union(variables('FactoryPlantManager'),variables('FactoryPlantManager'))"},"Join_3":{"runAfter":{"Compose_16":["Succeeded"]},"type":"Join","inputs":{"from":"@outputs('Compose_15')","joinWith":";"}},"Join_4":{"runAfter":{"Join_3":["Succeeded"]},"type":"Join","inputs":{"from":"@outputs('Compose_16')","joinWith":";"}},"Send_an_email_(V2)_2":{"runAfter":{"Compose_30":["Succeeded"]},"type":"OpenApiConnection","inputs":{"host":{"apiId":"/providers/Microsoft.PowerApps/apis/shared_office365","connectionName":"shared_office365","operationId":"SendEmailV2"},"parameters":{"emailMessage/To":"@concat(body('Join_3'),';',body('Join_4'))","emailMessage/Subject":"Mandatory replication","emailMessage/Body":"<p>Dear OpEx Leader / Plant Managers,<br>\n<br>\n We would like to inform you that your site has been selected for replicating the following Best Practice. Please feel free to get in touch with your Segment/BU OpEx leader for more details.</p>","emailMessage/Cc":"@{outputs('Compose_28')};@{outputs('Compose_30')}","emailMessage/Importance":"Normal"},"authentication":"@parameters('$authentication')"}},"Send_an_HTTP_request_to_SharePoint_7":{"runAfter":{"Join_4":["Succeeded"]},"type":"OpenApiConnection","inputs":{"host":{"apiId":"/providers/Microsoft.PowerApps/apis/shared_sharepointonline","connectionName":"shared_sharepointonline","operationId":"HttpRequest"},"parameters":{"dataset":"https://acuvatehyd.sharepoint.com/teams/BDBestPracticePortal","parameters/method":"GET","parameters/uri":"/_api/web/sitegroups"},"authentication":"@parameters('$authentication')"}},"Compose_26":{"runAfter":{"Send_an_HTTP_request_to_SharePoint_7":["Succeeded"]},"type":"Compose","inputs":"@body('Send_an_HTTP_request_to_SharePoint_7')?['d']?['results']"},"Filter_array_7":{"runAfter":{"Compose_26":["Succeeded"]},"type":"Query","inputs":{"from":"@body('Send_an_HTTP_request_to_SharePoint_7')?['d']?['results']","where":"@equals(item()?['Title'], triggerOutputs()?['body/PillarApprover0/DisplayName'])"}},"Compose_27":{"runAfter":{"Filter_array_7":["Succeeded"]},"type":"Compose","inputs":"@body('Filter_array_7')?[0]['Id']"},"Send_an_HTTP_request_to_SharePoint_8":{"runAfter":{"Compose_27":["Succeeded"]},"type":"OpenApiConnection","inputs":{"host":{"apiId":"/providers/Microsoft.PowerApps/apis/shared_sharepointonline","connectionName":"shared_sharepointonline","operationId":"HttpRequest"},"parameters":{"dataset":"https://acuvatehyd.sharepoint.com/teams/BDBestPracticePortal","parameters/method":"GET","parameters/uri":"/_api/web/sitegroups(@{outputs('Compose_27')})/users"},"authentication":"@parameters('$authentication')"}},"Select_6":{"runAfter":{"Send_an_HTTP_request_to_SharePoint_8":["Succeeded"]},"type":"Select","inputs":{"from":"@outputs('Send_an_HTTP_request_to_SharePoint_8')?['body']?['d']?['results']","select":"@item()?['Email']"}},"Compose_28":{"runAfter":{"Select_6":["Succeeded"]},"type":"Compose","inputs":"@join(body('Select_6'),';')"},"Filter_array_8":{"runAfter":{"Compose_28":["Succeeded"]},"type":"Query","inputs":{"from":"@body('Send_an_HTTP_request_to_SharePoint_7')?['d']?['results']","where":"@equals(item()?['Title'], triggerOutputs()?['body/L2ApproverDC/DisplayName'])"}},"Compose_29":{"runAfter":{"Filter_array_8":["Succeeded"]},"type":"Compose","inputs":"@body('Filter_array_8')?[0]['Id']"},"Send_an_HTTP_request_to_SharePoint_9":{"runAfter":{"Compose_29":["Succeeded"]},"type":"OpenApiConnection","inputs":{"host":{"apiId":"/providers/Microsoft.PowerApps/apis/shared_sharepointonline","connectionName":"shared_sharepointonline","operationId":"HttpRequest"},"parameters":{"dataset":"https://acuvatehyd.sharepoint.com/teams/BDBestPracticePortal","parameters/method":"GET","parameters/uri":"/_api/web/sitegroups(@{outputs('Compose_29')})/users"},"authentication":"@parameters('$authentication')"}},"Select_7":{"runAfter":{"Send_an_HTTP_request_to_SharePoint_9":["Succeeded"]},"type":"Select","inputs":{"from":"@outputs('Send_an_HTTP_request_to_SharePoint_9')?['body']?['d']?['results']","select":"@item()?['Email']"}},"Compose_30":{"runAfter":{"Select_7":["Succeeded"]},"type":"Compose","inputs":"@join(body('Select_7'),';')"}}}},"default":{"actions":{}},"expression":"@triggerOutputs()?['body/MandatorySites']","metadata":{"operationMetadataId":"f442c901-1e12-42fd-a080-ce93017587b0"},"type":"Switch"}},"runAfter":{"Initialize_variable_8":["Succeeded"]},"expression":{"and":[{"greaterOrEquals":["@int(triggerOutputs()?['body/{VersionNumber}'])",1]},{"equals":["@triggerOutputs()?['body/BPStatus0/Value']","Approved"]}]},"metadata":{"operationMetadataId":"59b48b7d-ad84-4b11-a0e0-73885f43a541"},"type":"If"},"Initialize_variable":{"runAfter":{"Initialize_variable_9":["Succeeded"]},"metadata":{"operationMetadataId":"086690ea-e525-4212-8515-766590fcfb80"},"type":"InitializeVariable","inputs":{"variables":[{"name":"OpexManagers","type":"array"}]}},"Initialize_variable_2":{"runAfter":{"Initialize_variable":["Succeeded"]},"metadata":{"operationMetadataId":"1c53e26a-22e4-48fb-9395-d88faa4a0428"},"type":"InitializeVariable","inputs":{"variables":[{"name":"opexallsets","type":"string"}]}},"Initialize_variable_3":{"runAfter":{"Initialize_variable_2":["Succeeded"]},"metadata":{"operationMetadataId":"ae913f30-e0b0-468a-b143-75ad0835b668"},"type":"InitializeVariable","inputs":{"variables":[{"name":"plantmanagers","type":"array"}]}},"Initialize_variable_4":{"runAfter":{"Initialize_variable_3":["Succeeded"]},"metadata":{"operationMetadataId":"c398f899-d7d0-4958-bb84-e9b6630c7803"},"type":"InitializeVariable","inputs":{"variables":[{"name":"allplantmanager","type":"string"}]}},"Initialize_variable_5":{"runAfter":{"Initialize_variable_4":["Succeeded"]},"metadata":{"operationMetadataId":"da083a52-dfaa-48aa-8148-78a82c928c7f"},"type":"InitializeVariable","inputs":{"variables":[{"name":"BUopexleader","type":"array"}]}},"Initialize_variable_6":{"runAfter":{"Initialize_variable_5":["Succeeded"]},"metadata":{"operationMetadataId":"96b954c3-8c58-4bf8-ab22-65c6d7b02a57"},"type":"InitializeVariable","inputs":{"variables":[{"name":"PlantManagerBU","type":"array"}]}},"Initialize_variable_7":{"runAfter":{"Initialize_variable_6":["Succeeded"]},"metadata":{"operationMetadataId":"d38861fd-7045-4633-96a1-624bef490d88"},"type":"InitializeVariable","inputs":{"variables":[{"name":"FactoryOPexLeaders","type":"array"}]}},"Initialize_variable_8":{"runAfter":{"Initialize_variable_7":["Succeeded"]},"metadata":{"operationMetadataId":"f1dc6459-a549-4aea-83d4-68a92af14e41"},"type":"InitializeVariable","inputs":{"variables":[{"name":"FactoryPlantManager","type":"array"}]}},"Initialize_variable_9":{"runAfter":{"Initialize_variable_10":["Succeeded"]},"metadata":{"operationMetadataId":"5b2da4ba-4340-4a36-9e41-b1159fb7d559"},"type":"InitializeVariable","inputs":{"variables":[{"name":"Variableforversion","type":"integer","value":"@int(triggerOutputs()?['body/{VersionNumber}'])"}]}},"Initialize_variable_10":{"runAfter":{},"metadata":{"operationMetadataId":"03320dda-a8f0-4f6b-882f-ee473d47edc7"},"type":"InitializeVariable","inputs":{"variables":[{"name":"BPstatus","type":"string","value":"@triggerOutputs()?['body/BPStatus0/Value']"}]}}},"outputs":{}},"connectionReferences":{"shared_sharepointonline":{"connectionName":"17772fdd26b94dd5b6b9fdfc52672ae1","source":"Embedded","id":"/providers/Microsoft.PowerApps/apis/shared_sharepointonline","tier":"NotSpecified"},"shared_office365":{"connectionName":"shared-office365-46437dd2-8301-45bc-bec9-7fe10866d8ee","source":"Embedded","id":"/providers/Microsoft.PowerApps/apis/shared_office365","tier":"NotSpecified"}},"flowFailureAlertSubscribed":false,"isManaged":false}}